
<resources>
    <color name="seed">#1e6c30</color>
    <color name="md_theme_light_primary">#1D6C30</color>
    <color name="md_theme_light_onPrimary">#FFFFFF</color>
    <color name="md_theme_light_primaryContainer">#A5F5A9</color>
    <color name="md_theme_light_onPrimaryContainer">#002107</color>
    <color name="md_theme_light_secondary">#516350</color>
    <color name="md_theme_light_onSecondary">#FFFFFF</color>
    <color name="md_theme_light_secondaryContainer">#D4E8D0</color>
    <color name="md_theme_light_onSecondaryContainer">#0F1F10</color>
    <color name="md_theme_light_tertiary">#39656C</color>
    <color name="md_theme_light_onTertiary">#FFFFFF</color>
    <color name="md_theme_light_tertiaryContainer">#BCEAF2</color>
    <color name="md_theme_light_onTertiaryContainer">#001F24</color>
    <color name="md_theme_light_error">#BA1A1A</color>
    <color name="md_theme_light_errorContainer">#FFDAD6</color>
    <color name="md_theme_light_onError">#FFFFFF</color>
    <color name="md_theme_light_onErrorContainer">#410002</color>
    <color name="md_theme_light_background">#FCFDF7</color>
    <color name="md_theme_light_onBackground">#1A1C19</color>
    <color name="md_theme_light_surface">#FCFDF7</color>
    <color name="md_theme_light_onSurface">#1A1C19</color>
    <color name="md_theme_light_surfaceVariant">#DEE5D9</color>
    <color name="md_theme_light_onSurfaceVariant">#424940</color>
    <color name="md_theme_light_outline">#727970</color>
    <color name="md_theme_light_inverseOnSurface">#F0F1EB</color>
    <color name="md_theme_light_inverseSurface">#2F312D</color>
    <color name="md_theme_light_inversePrimary">#89D88F</color>
    <color name="md_theme_light_shadow">#000000</color>
    <color name="md_theme_light_surfaceTint">#1D6C30</color>
    <color name="md_theme_light_outlineVariant">#C2C9BE</color>
    <color name="md_theme_light_scrim">#000000</color>
    <color name="md_theme_dark_primary">#89D88F</color>
    <color name="md_theme_dark_onPrimary">#003912</color>
    <color name="md_theme_dark_primaryContainer">#00531D</color>
    <color name="md_theme_dark_onPrimaryContainer">#A5F5A9</color>
    <color name="md_theme_dark_secondary">#B8CCB5</color>
    <color name="md_theme_dark_onSecondary">#243424</color>
    <color name="md_theme_dark_secondaryContainer">#3A4B3A</color>
    <color name="md_theme_dark_onSecondaryContainer">#D4E8D0</color>
    <color name="md_theme_dark_tertiary">#A1CED6</color>
    <color name="md_theme_dark_onTertiary">#00363D</color>
    <color name="md_theme_dark_tertiaryContainer">#1F4D54</color>
    <color name="md_theme_dark_onTertiaryContainer">#BCEAF2</color>
    <color name="md_theme_dark_error">#FFB4AB</color>
    <color name="md_theme_dark_errorContainer">#93000A</color>
    <color name="md_theme_dark_onError">#690005</color>
    <color name="md_theme_dark_onErrorContainer">#FFDAD6</color>
    <color name="md_theme_dark_background">#1A1C19</color>
    <color name="md_theme_dark_onBackground">#E2E3DD</color>
    <color name="md_theme_dark_surface">#1A1C19</color>
    <color name="md_theme_dark_onSurface">#E2E3DD</color>
    <color name="md_theme_dark_surfaceVariant">#424940</color>
    <color name="md_theme_dark_onSurfaceVariant">#C2C9BE</color>
    <color name="md_theme_dark_outline">#8C9389</color>
    <color name="md_theme_dark_inverseOnSurface">#1A1C19</color>
    <color name="md_theme_dark_inverseSurface">#E2E3DD</color>
    <color name="md_theme_dark_inversePrimary">#1D6C30</color>
    <color name="md_theme_dark_shadow">#000000</color>
    <color name="md_theme_dark_surfaceTint">#89D88F</color>
    <color name="md_theme_dark_outlineVariant">#424940</color>
    <color name="md_theme_dark_scrim">#000000</color>
</resources>
